,CPI,Unemployment rate(25-44),Government_debt,Population in Japan,M2_Aver. Outstanding Balance YoY,USD_to_JPY
0,78.5,2.35,1148528.0,118249000.0,9.3,244.9
1,78.8,2.2,1158290.0,118303000.0,9.4,236.97
2,78.8,2.275,1163245.0,118407000.0,8.8,251.11
3,78.3,2.225,1141923.0,118480000.0,9.3,255.1
4,78.9,2.1,1145115.0,118504000.0,9.0,258.67
5,80.1,2.375,1161671.0,118647000.0,8.9,262.74
6,80.3,2.425,1170021.0,118728000.0,8.3,271.33
7,79.6,2.25,1195084.0,118810000.0,8.0,265.02
8,79.5,2.225,1221066.0,118877000.0,7.9,242.49
9,79.6,2.775,1204671.0,118885000.0,7.7,232.9
10,79.3,2.85,1204822.0,119004000.0,7.4,236.27
11,79.7,2.725,1234846.0,119011000.0,7.6,237.92
12,80.1,2.7,1277629.0,119078000.0,7.6,237.7
13,80.9,2.55,1279354.0,119131000.0,7.5,234.78
14,80.4,2.45,1309360.0,119240000.0,7.7,240.06
15,80.1,2.45,1312847.0,119307000.0,7.1,240.49
16,79.9,2.7,1313362.0,119325000.0,6.9,244.36
17,80.8,2.625,1335493.0,119456000.0,7.2,242.71
18,81.5,2.475,1352143.0,119536000.0,7.2,233.0
19,81.1,2.25,1379542.0,119608000.0,6.8,235.25
20,80.8,2.35,1401761.0,119669000.0,7.6,234.34
21,81.1,2.525,1383860.0,119672000.0,7.6,233.95
22,81.6,2.7,1385893.0,119797000.0,7.8,233.67
23,81.7,2.75,1395848.0,119803000.0,8.4,225.52
24,81.9,2.675,1458904.0,119869000.0,7.7,224.95
25,82.5,2.675,1449478.0,119916000.0,7.6,230.67
26,81.9,2.725,1453267.0,120021000.0,7.5,233.29
27,82.1,2.5,1453129.0,120083000.0,7.7,242.72
28,81.4,2.55,1465648.0,120104000.0,7.7,242.24
29,82.7,2.45,1479452.0,120220000.0,8.1,245.19
30,83.2,2.55,1499229.0,120305000.0,7.7,246.89
31,82.8,2.525,1517762.0,120371000.0,8.1,243.29
32,83.0,2.225,1532672.0,120441000.0,7.8,247.96
33,83.2,2.4,1514264.0,120429000.0,7.9,254.11
34,82.9,2.675,1512547.0,120557000.0,7.9,260.34
35,83.2,2.85,1548336.0,120566000.0,7.9,258.43
36,83.8,2.55,1585846.0,120628000.0,8.4,251.67
37,83.9,2.35,1595481.0,120678000.0,8.3,251.57
38,83.9,2.575,1591230.0,120781000.0,8.2,248.95
39,84.1,2.475,1595908.0,120837000.0,8.2,241.7
40,83.9,2.5,1584093.0,120844000.0,8.3,237.2
41,84.0,2.6,1607950.0,120956000.0,8.3,236.91
42,84.8,2.675,1612317.0,121048923.0,8.6,214.84
43,84.1,2.775,1616903.0,121112000.0,9.1,203.85
44,84.2,2.65,1653835.0,121168000.0,9.3,202.75
45,84.5,2.825,1633415.0,121121000.0,9.0,200.05
46,84.4,2.675,1631586.0,121244000.0,9.0,184.62
47,84.3,2.875,1669961.0,121232000.0,9.0,178.83
48,84.6,2.9,1724461.0,121310000.0,8.4,175.56
49,84.8,2.675,1706409.0,121348000.0,8.4,166.89
50,84.4,2.525,1711751.0,121431000.0,8.5,167.82
51,84.2,2.475,1733063.0,121482000.0,8.7,158.65
52,84.0,2.625,1739625.0,121467000.0,8.9,154.11
53,84.4,2.55,1758528.0,121577000.0,8.9,154.78
54,84.5,2.5,1773466.0,121660000.0,8.5,156.04
55,84.1,2.45,1771939.0,121704000.0,8.3,162.72
56,83.9,2.65,1774790.0,121771000.0,8.2,162.13
57,83.6,3.025,1779641.0,121718000.0,8.6,154.48
58,83.6,2.75,1789339.0,121865000.0,8.8,153.49
59,83.9,2.8,1873782.0,121825000.0,9.0,151.56
60,84.7,2.975,1920213.0,121891000.0,9.8,142.96
61,84.8,3.2,1907265.0,121941000.0,10.2,140.47
62,84.7,2.775,1900728.0,122033000.0,10.0,144.52
63,84.3,2.35,1905972.0,122069000.0,10.3,150.2
64,84.3,2.425,1894231.0,122017000.0,11.0,147.57
65,85.1,2.45,1936871.0,122153000.0,11.1,143.03
66,85.1,2.475,1937632.0,122239000.0,11.7,143.48
67,84.7,2.575,1967293.0,122275000.0,12.4,135.25
68,84.6,2.5,1973884.0,122342000.0,11.5,128.25
69,84.3,2.725,1978709.0,122277000.0,11.9,127.44
70,84.2,2.675,1971592.0,122403000.0,12.4,129.26
71,84.5,2.65,2011854.0,122355000.0,11.8,127.23
72,84.9,2.45,2043432.0,122427000.0,11.3,124.88
73,85.0,2.475,2046692.0,122407000.0,11.4,124.74
74,84.8,2.275,2034652.0,122552000.0,11.1,127.2
75,84.7,2.375,2040406.0,122578000.0,11.1,133.1
76,84.9,2.575,2023360.0,122513000.0,10.9,133.63
77,85.6,2.375,2045256.0,122651000.0,10.6,134.45
78,86.0,2.425,2066130.0,122745000.0,11.0,128.85
79,85.7,2.2,2056491.0,122806000.0,10.3,123.16
80,85.4,2.025,2050920.0,122863000.0,10.4,123.63
81,85.3,2.35,2038384.0,122772000.0,10.0,127.24
82,85.0,2.275,2043966.0,122897000.0,10.4,127.77
83,85.4,2.325,2102456.0,122851000.0,10.3,130.35
84,86.9,2.5,2129218.0,122925000.0,10.2,132.01
85,87.4,2.225,2117336.0,122915000.0,9.4,138.4
86,87.4,2.025,2096487.0,123052000.0,9.4,143.92
87,87.2,2.1,2103196.0,123069000.0,9.8,140.63
88,87.1,2.225,2083230.0,122992000.0,9.6,141.2
89,87.9,2.15,2098230.0,123115000.0,9.6,145.06
90,88.5,2.175,2111722.0,123205000.0,9.6,141.99
91,87.6,2.075,2120954.0,123253000.0,9.9,143.55
92,87.7,1.975,2110217.0,123293000.0,10.6,143.62
93,88.1,2.45,2104459.0,123210000.0,11.5,145.09
94,88.2,2.275,2082431.0,123325000.0,11.8,145.54
95,88.5,2.05,2172084.0,123263000.0,11.6,153.19
96,89.3,2.25,2210094.0,123337000.0,13.2,158.5
97,89.7,2.175,2178612.0,123316000.0,13.2,153.52
98,89.4,2.225,2168284.0,123447000.0,12.6,153.78
99,89.2,1.975,2173376.0,123478000.0,12.2,149.23
100,89.5,2.025,2159636.0,123402000.0,11.9,147.46
101,90.2,2.2,2183576.0,123505000.0,12.0,138.96
102,91.2,2.125,2198296.0,123611167.0,11.8,129.73
103,91.1,1.75,2204491.0,123665000.0,9.9,129.01
104,91.0,1.95,2216991.0,123702000.0,8.5,133.72
105,91.6,2.15,2199527.0,123606000.0,7.4,133.65
106,91.3,2.0,2179921.0,123797000.0,5.5,130.44
107,91.8,2.225,2237926.0,123817000.0,5.1,137.09
108,92.3,2.425,2274021.0,123869000.0,3.8,137.15
109,92.8,2.275,2253498.0,123826000.0,3.6,138.02
110,92.4,2.1,2250775.0,123922000.0,3.7,139.83
111,92.3,2.025,2238825.0,123964000.0,3.4,137.98
112,92.5,2.075,2215349.0,123895000.0,2.7,136.85
113,92.7,2.275,2222446.0,123997000.0,2.2,134.59
114,93.7,2.175,2265689.0,124101000.0,2.1,130.81
115,93.8,1.9,2271146.0,124143000.0,2.4,129.64
116,93.4,1.75,2263455.0,124204000.0,2.0,128.07
117,93.2,2.3,2261910.0,124067000.0,1.8,125.05
118,93.1,2.25,2267463.0,124217000.0,1.6,127.53
119,93.6,2.15,2312954.0,124179000.0,1.8,132.75
120,94.6,2.075,2355800.0,124259000.0,1.6,133.59
121,94.6,2.15,2327394.0,124298000.0,1.1,130.55
122,94.6,2.15,2352265.0,124367000.0,0.9,126.9
123,93.8,2.075,2326142.0,124425000.0,0.2,125.66
124,94.1,2.175,2324096.0,124341000.0,0.3,126.34
125,94.6,2.275,2353508.0,124468000.0,-0.5,122.72
126,94.6,2.475,2371522.0,124567000.0,-0.6,121.14
127,94.5,2.375,2395775.0,124566000.0,-0.6,123.84
128,94.5,2.225,2410572.0,124650000.0,-0.4,123.98
129,94.4,2.425,2373052.0,124528000.0,-0.3,125.02
130,94.5,2.575,2398019.0,124665000.0,0.1,120.97
131,94.7,2.475,2467239.0,124625000.0,-0.4,117.02
132,95.4,2.45,2550161.0,124677000.0,0.5,112.37
133,95.4,2.5,2540303.0,124650000.0,1.5,110.23
134,95.4,2.525,2552853.0,124791000.0,1.4,107.29
135,95.6,2.45,2503936.0,124829000.0,1.6,107.77
136,95.9,2.7,2505220.0,124725000.0,1.7,103.72
137,96.0,2.7,2520738.0,124846000.0,1.9,105.27
138,95.9,2.75,2541097.0,124938000.0,1.8,106.94
139,95.4,2.65,2557927.0,124961000.0,1.5,107.81
140,95.4,2.775,2583834.0,125002000.0,1.4,109.72
141,95.5,3.225,2555414.0,124870000.0,1.6,111.49
142,95.5,3.325,2574647.0,125019000.0,1.5,106.14
143,96.0,3.125,2679932.0,124965000.0,1.9,105.12
144,96.2,2.85,2733124.0,125018000.0,2.2,103.48
145,96.3,2.875,2723742.0,124967000.0,1.7,104.0
146,95.9,2.775,2727706.0,125137000.0,1.5,102.69
147,95.4,2.85,2754929.0,125178000.0,2.0,98.54
148,95.9,3.1,2749394.0,125071000.0,1.9,99.86
149,96.2,3.075,2760933.0,125183000.0,2.3,98.79
150,96.6,3.325,2793595.0,125265000.0,2.4,98.4
151,96.3,3.025,2820363.0,125338000.0,2.7,98.0
152,96.1,2.9,2855305.0,125385000.0,2.9,100.17
153,96.1,3.2,2829277.0,125245000.0,3.1,99.79
154,95.8,3.225,2863842.0,125405000.0,3.6,98.23
155,95.7,3.25,2921728.0,125327000.0,3.5,90.77
156,96.0,3.3,3043196.0,125362000.0,3.1,83.53
157,96.2,3.475,3012647.0,125324000.0,3.1,85.21
158,96.1,3.0,3008407.0,125448000.0,3.1,84.54
159,95.6,3.0,2983546.0,125472000.0,2.7,87.24
160,95.7,3.325,2985071.0,125362000.0,2.7,94.56
161,96.3,3.425,3058257.0,125457000.0,2.6,100.31
162,96.0,3.65,3068496.0,125570246.0,2.4,100.68
163,95.7,3.575,3107277.0,125615000.0,3.3,101.89
164,95.7,3.45,3127390.0,125648000.0,3.2,101.86
165,95.6,3.7,3111137.0,125500000.0,3.1,105.81
166,95.4,3.525,3148513.0,125633000.0,2.8,105.7
167,95.6,3.5,3263526.0,125587000.0,3.0,105.85
168,96.2,3.75,3326813.0,125634000.0,2.8,107.4
169,96.4,3.7,3329406.0,125621000.0,3.2,106.49
170,96.1,3.375,3341309.0,125719000.0,3.7,108.82
171,96.0,3.35,3320204.0,125757000.0,3.7,109.25
172,95.9,3.375,3320309.0,125658000.0,3.7,107.84
173,96.3,3.4,3356210.0,125737000.0,3.4,109.76
174,96.5,3.5,3396114.0,125859000.0,3.6,112.3
175,96.2,3.6,3412395.0,125890000.0,3.1,112.27
176,96.3,3.45,3436817.0,125939000.0,2.9,113.74
177,96.2,3.35,3427939.0,125747000.0,3.0,118.18
178,96.0,3.55,3461063.0,125912000.0,2.9,123.01
179,96.1,3.5,3551685.0,125860000.0,2.7,122.66
180,98.0,3.6,3660548.0,125942000.0,3.2,125.47
181,98.2,3.75,3634005.0,125960000.0,3.1,118.91
182,98.2,3.55,3625450.0,126013000.0,2.9,114.31
183,97.8,3.6,3620789.0,126057000.0,3.0,115.1
184,97.9,3.925,3605030.0,125972000.0,3.2,117.89
185,98.6,3.75,3626766.0,126062000.0,2.9,120.74
186,98.9,3.95,3649811.0,126157000.0,2.9,121.13
187,98.2,3.7,3674226.0,126191000.0,3.2,125.35
188,98.0,3.475,3685974.0,126258000.0,3.8,129.52
189,97.9,3.8,3697609.0,126096000.0,4.5,129.45
190,97.8,3.725,3830528.0,126305000.0,5.0,125.85
191,98.2,4.025,3947370.0,126207000.0,4.5,128.83
192,98.4,4.225,3996481.0,126271000.0,3.6,131.81
193,98.7,4.4,3992604.0,126293000.0,3.9,135.08
194,98.3,4.375,4001730.0,126362000.0,3.4,140.35
195,97.7,4.225,3980786.0,126400000.0,3.5,140.66
196,97.6,4.85,3990728.0,126307000.0,3.8,144.76
197,98.4,4.95,4011589.0,126398000.0,3.8,134.5
198,99.1,4.9,4185868.0,126472000.0,3.9,121.33
199,99.0,4.8,4212941.0,126505000.0,4.3,120.61
200,98.6,4.35,4269774.0,126568000.0,3.9,117.4
201,98.1,4.525,4271669.0,126432000.0,3.6,113.14
202,97.7,4.9,4285720.0,126566000.0,3.4,116.73
203,97.8,4.95,4375545.0,126473000.0,3.7,119.71
204,98.3,5.15,4544877.0,126535000.0,3.9,119.66
205,98.3,5.15,4545530.0,126473000.0,4.1,122.14
206,98.0,5.275,4606676.0,126618000.0,4.3,120.81
207,97.6,4.875,4618161.0,126631000.0,4.0,119.76
208,97.9,4.925,4622349.0,126531000.0,3.5,113.3
209,98.2,4.975,4656371.0,126611000.0,3.3,107.45
210,98.4,4.9,4681945.0,126667000.0,3.6,106.0
211,97.8,4.675,4739449.0,126735000.0,2.9,104.83
212,97.5,4.625,4777638.0,126772000.0,2.6,102.61
213,97.4,5.125,4828080.0,126746000.0,2.6,105.21
214,97.1,5.15,4857301.0,126794000.0,2.1,109.34
215,97.3,5.375,4929698.0,126714000.0,1.9,106.62
216,97.5,5.225,5020041.0,126758000.0,2.9,105.35
217,97.6,4.9,5057420.0,126737000.0,2.2,108.13
218,97.4,4.825,5023687.0,126826000.0,1.9,106.13
219,97.1,4.85,5107754.0,126843000.0,2.0,107.9
220,97.4,4.975,5088311.0,126770000.0,1.8,108.02
221,97.3,5.025,5110449.0,126837000.0,2.0,106.75
222,97.3,4.975,5130721.0,126925843.0,2.1,108.34
223,97.0,4.8,5217059.0,126998000.0,1.9,108.87
224,97.1,4.525,5220991.0,127027000.0,2.0,112.21
225,97.1,4.975,5280737.0,126912000.0,2.2,117.1
226,96.8,5.125,5328711.0,127050000.0,2.6,116.1
227,96.7,5.375,5383864.0,126980000.0,2.5,121.21
228,96.8,5.625,5478899.0,127052000.0,2.3,123.77
229,96.9,5.475,5551480.0,127011000.0,2.6,121.83
230,96.7,5.45,5571861.0,127125000.0,2.9,122.19
231,96.4,5.375,5618939.0,127149000.0,3.0,124.63
232,96.7,5.25,5646849.0,127069000.0,2.9,121.53
233,96.6,5.525,5655553.0,127131000.0,3.2,118.91
234,96.6,5.45,5683377.0,127316000.0,2.9,121.32
235,96.1,5.525,5761532.0,127396000.0,3.0,122.33
236,96.0,5.425,5824556.0,127397000.0,3.3,127.32
237,95.8,5.525,5883027.0,127261000.0,3.5,132.66
238,95.3,5.8,6002803.0,127343000.0,3.5,133.53
239,95.5,6.05,6073122.0,127272000.0,3.7,131.15
240,95.8,5.9,6191690.0,127371000.0,3.5,131.01
241,96.1,6.05,6257113.0,127350000.0,3.5,126.39
242,96.0,6.1,6273900.0,127418000.0,3.4,123.44
243,95.6,6.05,6340073.0,127445000.0,3.3,118.08
244,95.9,5.925,6347485.0,127362000.0,3.4,119.03
245,95.9,6.125,6315261.0,127405000.0,3.2,120.49
246,95.7,6.125,6372506.0,127486000.0,3.3,123.88
247,95.7,5.45,6440766.0,127527000.0,3.2,121.54
248,95.7,5.325,6431945.0,127564000.0,2.2,122.17
249,95.4,5.65,6480236.0,127400000.0,1.9,118.67
250,95.1,5.6,6611624.0,127563000.0,1.9,119.29
251,95.4,5.975,6687605.0,127468000.0,1.7,118.49
252,95.7,6.175,6364765.0,127623000.0,1.3,119.82
253,95.9,6.0,6467668.0,127672000.0,1.6,117.26
254,95.6,5.8,6437599.0,127733000.0,1.8,118.27
255,95.4,5.65,6481597.0,127718000.0,1.8,118.65
256,95.6,5.575,6529170.0,127643000.0,1.9,118.81
257,95.7,5.9,6556840.0,127645000.0,1.8,115.09
258,95.7,5.925,6630441.0,127694000.0,1.5,109.58
259,95.2,5.65,6705070.0,127704000.0,1.5,109.18
260,95.3,4.95,6701212.0,127750000.0,1.5,107.87
261,95.1,5.25,6754568.0,127603000.0,1.6,106.39
262,95.1,5.575,6881373.0,127739000.0,1.7,106.54
263,95.3,5.325,7031478.0,127675000.0,1.7,108.57
264,95.3,5.4,7137451.0,127736000.0,1.8,107.31
265,95.4,5.325,7234210.0,127654000.0,2.0,112.27
266,95.6,5.275,7292281.0,127768000.0,1.7,109.45
267,95.3,5.45,7313807.0,127761000.0,1.8,109.34
268,95.4,5.475,7346491.0,127703000.0,1.9,110.41
269,95.7,5.4,7309853.0,127730000.0,2.1,110.05
270,96.2,5.575,7403860.0,127787000.0,2.0,108.9
271,96.0,4.775,7486455.0,127819000.0,2.0,104.86
272,95.5,4.5,7511065.0,127838000.0,2.0,103.82
273,95.3,5.325,7616134.0,127740000.0,1.9,103.27
274,95.0,5.575,7712790.0,127793000.0,1.8,104.84
275,95.3,5.55,7815517.0,127714000.0,2.0,105.3
276,95.4,5.475,7936372.0,127791000.0,1.8,107.35
277,95.5,5.25,7965355.0,127647000.0,1.4,106.94
278,95.1,4.675,7958338.0,127780000.0,1.6,108.62
279,95.0,5.1,8037991.0,127773000.0,1.6,111.94
280,95.1,4.975,8034007.0,127729000.0,1.6,110.65
281,95.4,4.95,7990201.0,127734000.0,2.0,111.03
282,95.4,5.325,8055783.0,127767994.0,1.9,114.84
283,95.0,5.075,8118601.0,127792000.0,2.0,118.45
284,95.1,4.725,8131830.0,127795000.0,1.9,118.6
285,95.2,4.825,8228956.0,127781000.0,1.8,115.33
286,94.9,4.8,8273889.0,127776000.0,1.7,117.81
287,95.1,5.05,8274805.0,127761000.0,1.4,117.31
288,95.3,4.725,8378331.0,127788000.0,1.6,117.13
289,95.6,4.725,8416437.0,127777000.0,1.3,111.53
290,95.6,4.675,8277948.0,127825000.0,1.1,114.57
291,95.3,4.65,8317851.0,127854000.0,0.5,115.59
292,96.0,4.85,8333308.0,127876000.0,0.4,115.86
293,96.0,4.925,8279166.0,127862000.0,0.5,117.02
294,95.8,4.85,8369960.0,127901000.0,0.5,118.59
295,95.3,4.8,8438731.0,127925000.0,0.6,117.33
296,95.4,4.6,8322631.0,127935000.0,0.7,117.26
297,95.2,4.725,8357428.0,127925000.0,0.9,120.59
298,94.7,4.825,8411586.0,127938000.0,1.0,120.49
299,95.0,4.9,8343786.0,127908000.0,1.1,117.29
300,95.3,4.675,8462647.0,127942000.0,1.1,118.81
301,95.6,4.475,8518885.0,127925000.0,1.4,120.77
302,95.4,4.3,8365213.0,127971000.0,1.8,122.64
303,95.3,4.325,8397503.0,128001000.0,2.0,121.56
304,95.8,4.3,8414163.0,128024000.0,1.8,116.74
305,95.8,4.625,8336982.0,127997000.0,1.7,115.01
306,96.0,4.95,8398137.0,128033000.0,1.9,115.77
307,95.9,4.55,8479881.0,128047000.0,2.0,111.24
308,96.0,3.925,8380050.0,128050000.0,2.1,112.28
309,95.9,4.6,8467410.0,128026000.0,2.1,107.6
310,95.7,5.025,8545425.0,128020000.0,2.4,107.18
311,96.1,4.75,8492396.0,127992000.0,2.3,100.83
312,96.0,4.75,8602864.0,128013000.0,1.9,102.41
313,96.8,4.725,8606074.0,127999000.0,2.1,104.11
314,97.3,4.675,8484424.0,128032000.0,2.2,106.86
315,97.5,4.725,8487786.0,128063000.0,2.1,106.76
316,97.8,5.125,8508244.0,128075000.0,2.4,109.24
317,97.8,4.875,8432794.0,128043000.0,2.2,106.71
318,97.7,4.775,8468130.0,128084000.0,1.8,100.2
319,96.8,4.6,8523553.0,128098000.0,1.8,96.89
320,96.4,4.825,8466905.0,128099000.0,1.8,91.21
321,95.9,5.225,8503151.0,128069000.0,2.0,90.35
322,95.6,5.5,8553336.0,128048000.0,2.1,92.53
323,95.9,5.7,8464970.0,128013000.0,2.2,97.83
324,96.0,5.8,8598413.0,128022000.0,2.7,98.92
325,95.8,5.95,8645882.0,127996000.0,2.7,96.43
326,95.6,6.275,8602557.0,128026000.0,2.5,96.58
327,95.3,6.55,8640929.0,128047000.0,2.7,94.49
328,95.6,6.5,8699632.0,128040000.0,2.8,94.9
329,95.6,6.6,8645226.0,128002000.0,3.0,91.4
330,95.2,6.25,8694778.0,128032000.0,3.4,90.28
331,95.0,5.9,8804164.0,128055000.0,3.3,89.11
332,94.8,5.7,8715104.0,128059000.0,3.1,89.52
333,94.9,5.825,8767304.0,128032000.0,3.0,91.26
334,94.9,6.0,8842183.0,128052000.0,2.7,90.28
335,95.1,6.0,8829235.0,128003000.0,2.7,90.56
336,95.1,6.0,8987473.0,128032000.0,2.9,93.43
337,95.1,5.875,9058648.0,128011000.0,3.1,91.79
338,94.9,5.75,9040772.0,128041000.0,2.9,90.89
339,94.4,5.675,9092805.0,128070000.0,2.7,87.67
340,94.5,5.95,9114479.0,128069000.0,2.8,85.44
341,94.7,5.75,9088617.0,128028000.0,2.8,84.31
342,95.0,5.8,9153378.0,128057352.0,2.8,81.8
343,94.7,5.875,9217056.0,128066000.0,2.6,82.43
344,94.5,5.575,9191511.0,128058000.0,2.3,83.38
345,94.4,5.725,9236060.0,128027000.0,2.3,82.63
346,94.4,5.5,9311976.0,127994000.0,2.4,82.52
347,94.6,5.662790239344684,9243596.0,127945000.0,2.6,81.82
348,94.7,5.063993002407743,9423384.0,127708000.0,2.7,83.34
349,94.7,5.03812069444214,9483834.0,127749000.0,2.7,81.23
350,94.6,4.9808108451620745,9438096.0,127809000.0,2.8,80.49
351,94.6,4.984117723054951,9492643.0,127833000.0,2.9,79.44
352,94.7,4.977323972325769,9586810.0,127838000.0,2.7,77.09
353,94.7,4.95,9544180.0,127797000.0,2.7,76.78
354,94.8,5.025,9557657.0,127834000.0,2.8,76.72
355,94.2,4.95,9693950.0,127839000.0,3.0,77.5
356,94.3,4.975,9586385.0,127831000.0,3.1,77.81
357,94.5,5.225,9584357.0,127708000.0,3.0,76.94
358,94.7,5.125,9630405.0,127678000.0,2.9,78.47
359,95.1,5.45,9599503.0,127629000.0,3.0,82.37
360,95.2,5.575,9776812.0,127625000.0,2.6,81.42
361,94.9,5.325,9850746.0,127584000.0,2.2,79.7
362,94.4,5.025,9761853.0,127611000.0,2.3,79.27
363,94.1,5.125,9798394.0,127629000.0,2.3,78.96
364,94.3,5.1,9870206.0,127625000.0,2.4,78.68
365,94.4,5.35,9832950.0,127561000.0,2.4,78.17
366,94.4,5.0,9897584.0,127593000.0,2.3,78.97
367,94.1,4.675,9996125.0,127593000.0,2.1,80.92
368,94.1,4.575,9972181.0,127575000.0,2.6,83.6
369,94.2,5.1,9944770.0,127529000.0,2.7,89.15
370,94.0,5.6,9922825.0,127501000.0,2.9,93.07
371,94.2,5.4,9916011.0,127429000.0,3.0,94.73
372,94.5,5.3,10043459.0,127450000.0,3.2,97.74
373,94.6,5.125,10129026.0,127409000.0,3.5,101.01
374,94.6,4.95,10086281.0,127428000.0,3.8,97.52
375,94.8,4.85,10083210.0,127445000.0,3.7,99.66
376,95.1,4.825,10137641.0,127445000.0,3.8,97.83
377,95.4,4.65,10111785.0,127375000.0,3.8,99.3
378,95.5,4.85,10153565.0,127414000.0,4.1,97.73
379,95.5,4.575,10218992.0,127413000.0,4.3,100.04
380,95.6,4.125,10179459.0,127399000.0,4.2,103.42
381,95.5,4.4,10198236.0,127357000.0,4.3,103.94
382,95.5,4.525,10270656.0,127315000.0,4.0,102.02
383,95.7,4.25,10249568.0,127267000.0,3.5,102.3
384,97.7,4.425,10461952.0,127270000.0,3.4,102.54
385,98.1,4.475,10495718.0,127235000.0,3.3,101.78
386,98.0,4.325,10394132.0,127254000.0,3.0,102.05
387,98.1,4.475,10414855.0,127276000.0,3.0,101.73
388,98.3,4.175,10487251.0,127270000.0,3.0,102.95
389,98.5,4.225,10389150.0,127197000.0,3.0,107.16
390,98.2,4.575,10453783.0,127237000.0,3.1,108.03
391,97.9,4.225,10530582.0,127240000.0,3.6,116.24
392,97.9,3.575,10299205.0,127225000.0,3.5,119.29
393,97.8,4.4,10475243.0,127177000.0,3.3,118.25
394,97.6,4.225,10545473.0,127158000.0,3.5,118.59
395,97.9,4.275,10533572.0,127066000.0,3.6,120.37
396,98.4,4.425,10673776.0,127112000.0,3.6,119.57
397,98.7,4.2,10692680.0,127080000.0,4.1,120.82
398,98.4,4.2,10572235.0,127109000.0,3.8,123.7
399,98.3,4.5,10600079.0,127141000.0,3.9,123.31
400,98.4,4.125,10645145.0,127128000.0,4.1,123.17
401,98.5,3.975,10544243.0,127065000.0,3.8,120.13
402,98.5,3.925,10611646.0,127094745.0,3.6,119.99
403,98.1,4.35,10707318.0,127104000.0,3.3,122.58
404,98.1,4.175,10445904.0,127106000.0,3.1,121.78
405,97.7,3.925,10752178.0,127053000.0,3.1,118.18
406,97.8,3.8,10612579.0,127050000.0,3.1,115.01
407,97.9,3.575,10493661.0,126992000.0,3.0,113.05
408,98.1,4.425,10564187.0,127029000.0,3.3,109.72
409,98.2,3.9,10639122.0,126988000.0,3.3,109.24
410,98.1,3.85,10534676.0,127042000.0,3.3,105.44
411,97.9,4.075,10614009.0,127076000.0,3.3,103.97
412,97.9,4.05,10706298.0,127067000.0,3.2,101.28
413,98.0,3.6,10625745.0,127002000.0,3.4,101.99
414,98.6,3.75,10698192.0,127042000.0,3.6,103.81
415,98.6,4.075,10778985.0,127055000.0,3.8,108.33
416,98.4,3.85,10664234.0,127044000.0,3.9,116.01
417,98.2,3.7,10734419.0,126955000.0,3.9,114.69
418,98.1,3.7,10813202.0,126933000.0,4.1,113.13
419,98.1,3.525,10715594.0,126906000.0,4.2,113.02
420,98.5,3.5,10775029.0,126920000.0,3.9,110.08
421,98.6,3.575,10839208.0,126893000.0,3.8,112.24
422,98.5,3.25,10789664.0,126943000.0,3.9,110.89
423,98.3,3.85,10832242.0,126972000.0,4.0,112.5
424,98.5,3.725,10891472.0,126949000.0,4.0,109.9
425,98.8,3.175,10804405.0,126881000.0,4.0,110.67
426,98.8,3.1,10866908.0,126919000.0,4.1,112.94
427,99.1,3.275,10954229.0,126934000.0,4.0,112.89
428,99.4,3.1,10857537.0,126922000.0,3.6,112.96
429,99.5,3.15,10914761.0,126825000.0,3.4,110.74
430,99.5,3.1,10990006.0,126851000.0,3.2,107.9
431,99.2,3.45,10878130.0,126743000.0,3.1,106.01
432,99.1,3.3,10942186.0,126760000.0,3.2,107.49
433,99.3,2.75,11016037.0,126732000.0,3.2,109.74
434,99.2,3.2,10889851.0,126783000.0,3.1,110.02
435,99.2,3.3,10949291.0,126811000.0,2.9,111.41
436,99.8,3.05,11020142.0,126785000.0,2.9,111.06
437,99.9,2.825,10917685.0,126714000.0,2.8,111.91
438,100.2,2.95,10986022.0,126749000.0,2.7,112.81
439,100.0,3.35,11072575.0,126765000.0,2.3,113.36
440,99.7,3.075,11005266.0,126753000.0,2.4,112.38
441,99.7,3.225,11070214.0,126641000.0,2.3,108.97
442,99.7,2.975,11146660.0,126642000.0,2.4,110.36
443,99.7,3.45,11033543.0,126587000.0,2.4,111.22
444,100.0,3.125,11094723.0,126600000.0,2.4,111.63
445,100.0,3.0,11156493.0,126534000.0,2.5,109.76
446,99.8,2.875,11054353.0,126612000.0,2.2,108.07
447,99.8,2.725,11101326.0,126633000.0,2.2,108.23
448,100.0,2.775,11175159.0,126593000.0,2.3,106.34
449,100.1,2.825,11049286.0,126513000.0,2.3,107.4
450,100.4,2.85,11110846.0,126555000.0,2.3,108.12
451,100.5,2.7,11199226.0,126553000.0,2.6,108.88
452,100.5,2.8,11107807.0,126540000.0,2.6,109.18
453,100.5,3.225,11163115.0,126387000.0,2.6,109.38
454,100.3,3.025,11246649.0,126409000.0,2.8,109.96
455,100.3,3.325,11145400.0,126370000.0,3.1,107.42
456,100.2,3.425,11246907.0,126342000.0,3.7,107.85
457,100.1,3.475,11433988.0,126310000.0,5.1,107.28
458,99.9,3.675,11590289.0,126279000.0,7.3,107.6
459,100.0,3.65,11831247.0,126261000.0,7.9,106.75
460,100.1,4.025,11982667.0,126239000.0,8.6,106.02
461,99.9,3.95,11899160.0,126187000.0,9.0,105.67
462,99.8,3.975,12049231.0,126146099.0,9.0,105.21
463,99.5,3.55,12204361.0,125669000.0,9.1,104.4
464,99.3,3.675,12124680.0,125651000.0,9.2,103.83
465,99.8,3.625,12214568.0,125630000.0,9.4,103.7
466,99.8,3.5,12288132.0,125552000.0,9.6,105.38
467,99.9,3.35,12164634.0,125480000.0,9.5,108.7
468,99.1,3.775,12244414.0,125417000.0,9.3,109.1
469,99.4,3.725,12323161.0,125339000.0,8.0,109.13
470,99.5,3.7,12206368.0,125285000.0,5.9,110.09
471,99.7,3.4,12230234.0,125682000.0,5.3,110.26
472,99.7,3.45,12259981.0,125633000.0,4.7,109.82
473,100.1,3.3,12151532.0,125559000.0,4.2,110.2
474,99.9,3.075,12224187.0,125502000.0,4.2,113.09
475,100.1,3.225,12312619.0,125443000.0,4.0,114.03
476,100.1,2.95,12184330.0,125380000.0,3.7,113.88
477,100.3,3.475,12282219.0,125309000.0,3.6,114.84
478,100.7,3.475,12414088.0,125194000.0,3.6,115.16
479,101.1,3.325,12413074.0,125103000.0,3.5,118.54
480,101.5,3.575,12525478.0,125071000.0,3.4,126.13
481,101.8,3.55,12636037.0,125072000.0,3.1,128.68
482,101.8,3.375,12551932.0,125104000.0,3.3,133.85
483,102.3,3.225,12598702.0,125125000.0,3.4,136.7
484,102.7,3.3,12638289.0,125082000.0,3.4,135.28
485,103.1,3.45,12513796.0,124971000.0,3.3,143.09
486,103.7,3.075,12583996.0,124947000.0,3.1,147.16
487,103.9,2.85,12692991.0,124913000.0,3.1,142.17
488,104.1,2.675,12569992.0,124861000.0,2.9,134.85
489,104.7,2.95,12667450.0,124752000.0,2.7,130.28
490,104.0,3.15,12770467.0,124631000.0,2.6,132.69
491,104.4,3.7,12704990.0,124567000.0,2.5,133.86
492,105.1,3.65,12778443.0,124554000.0,2.6,133.4
493,105.1,3.35,12877520.0,124477000.0,2.6,137.39
494,105.2,3.2,12763155.0,124511000.0,2.6,141.33
495,105.7,3.425,12820188.0,124517000.0,2.5,141.2
496,105.9,3.55,12882513.0,124439000.0,2.5,144.73
497,106.2,3.5,12756116.0,124348000.0,2.4,147.65
498,107.1,3.375,12824246.0,124352000.0,2.4,149.59
499,106.9,2.95,12952287.0,124342000.0,2.3,149.88
500,106.8,2.925,12864520.0,124299000.0,2.3,144.09
501,106.9,2.925,12947860.0,124143000.0,2.5,146.59
502,106.9,3.125,13057720.0,124105000.0,2.4,149.41
503,107.2,3.4,12971615.0,123970000.0,2.5,149.7
